{"cameraMode":{"drawMode":0,"name":"Shaded","section":"Shading Mode"},"sceneLighting":false,"audioPlay":false,"sceneViewState":{"showFog":true,"showMaterialUpdate":true,"showSkybox":false,"showFlares":true,"showImageEffects":true,"showParticleSystems":true},"in2DMode":false,"pivot":{"x":0.05000007152557373,"y":0.6500002145767212,"z":0.049999773502349856},"rotation":{"x":0.7092251777648926,"y":9.993944871666827e-8,"z":1.257396604614769e-7,"w":0.7049820423126221},"size":2.256343126296997,"orthographic":true}