{"cameraMode":{"drawMode":0,"name":"Shaded","section":"Shading Mode"},"sceneLighting":false,"audioPlay":false,"sceneViewState":{"showFog":true,"showMaterialUpdate":true,"showSkybox":false,"showFlares":true,"showImageEffects":true,"showParticleSystems":true},"in2DMode":false,"pivot":{"x":0.050000011920928958,"y":0.5500000715255737,"z":0.20000004768371583},"rotation":{"x":-0.0492747537791729,"y":0.9380627870559692,"z":-0.1498432606458664,"w":-0.30847546458244326},"size":6.107231140136719,"orthographic":true}