{"cameraMode":{"drawMode":0,"name":"Shaded","section":"Shading Mode"},"sceneLighting":false,"audioPlay":false,"sceneViewState":{"showFog":true,"showMaterialUpdate":true,"showSkybox":false,"showFlares":true,"showImageEffects":true,"showParticleSystems":true},"in2DMode":false,"pivot":{"x":-8.61613941192627,"y":-0.2311643660068512,"z":-0.20101657509803773},"rotation":{"x":0.35107919573783877,"y":0.33668050169944765,"z":-0.13697955012321473,"w":0.8629173636436462},"size":53.045936584472659,"orthographic":false}