{"cameraMode":{"drawMode":0,"name":"Shaded","section":"Shading Mode"},"sceneLighting":false,"audioPlay":false,"sceneViewState":{"showFog":true,"showMaterialUpdate":true,"showSkybox":false,"showFlares":true,"showImageEffects":true,"showParticleSystems":true},"in2DMode":false,"pivot":{"x":-0.050000011920928958,"y":0.050000011920928958,"z":0.10000002384185791},"rotation":{"x":0.8681311011314392,"y":-0.08238673210144043,"z":0.153940811753273,"w":0.4646105468273163},"size":3.3824989795684816,"orthographic":true}