{"cameraMode":{"drawMode":0,"name":"Shaded","section":"Shading Mode"},"sceneLighting":false,"audioPlay":false,"sceneViewState":{"showFog":true,"showMaterialUpdate":true,"showSkybox":false,"showFlares":true,"showImageEffects":true,"showParticleSystems":true},"in2DMode":false,"pivot":{"x":1.1920928955078126e-7,"y":3.249999523162842,"z":4.76837158203125e-7},"rotation":{"x":0.37609905004501345,"y":0.3916994631290436,"z":-0.17959420382976533,"w":0.8202847838401794},"size":33.47102355957031,"orthographic":false}