{"cameraMode":{"drawMode":0,"name":"Shaded","section":"Shading Mode"},"sceneLighting":false,"audioPlay":false,"sceneViewState":{"showFog":true,"showMaterialUpdate":true,"showSkybox":false,"showFlares":true,"showImageEffects":true,"showParticleSystems":true},"in2DMode":false,"pivot":{"x":0.0,"y":0.6000000238418579,"z":5.960464477539063e-8},"rotation":{"x":0.640446662902832,"y":0.29576635360717776,"z":-0.6450768709182739,"w":0.29364317655563357},"size":2.8957390785217287,"orthographic":true}