{"cameraMode":{"drawMode":0,"name":"Shaded","section":"Shading Mode"},"sceneLighting":true,"audioPlay":false,"sceneViewState":{"showFog":true,"showMaterialUpdate":true,"showSkybox":true,"showFlares":true,"showImageEffects":true,"showParticleSystems":true},"in2DMode":false,"pivot":{"x":-12.281204223632813,"y":-4.209022521972656,"z":3.808349609375},"rotation":{"x":0.191415473818779,"y":0.4224114418029785,"z":-0.091757632791996,"w":0.8811976313591003},"size":115.8449478149414,"orthographic":false}