{"cameraMode":{"drawMode":0,"name":"Shaded","section":"Shading Mode"},"sceneLighting":false,"audioPlay":false,"sceneViewState":{"showFog":true,"showMaterialUpdate":true,"showSkybox":false,"showFlares":true,"showImageEffects":true,"showParticleSystems":true},"in2DMode":false,"pivot":{"x":0.050000011920928958,"y":0.5500000715255737,"z":0.20000004768371583},"rotation":{"x":0.7092251777648926,"y":9.993944871666827e-8,"z":1.257396604614769e-7,"w":0.7049820423126221},"size":6.107231140136719,"orthographic":true}