{"cameraMode":{"drawMode":0,"name":"Shaded","section":"Shading Mode"},"sceneLighting":false,"audioPlay":false,"sceneViewState":{"showFog":true,"showMaterialUpdate":true,"showSkybox":false,"showFlares":true,"showImageEffects":true,"showParticleSystems":true},"in2DMode":false,"pivot":{"x":2.9802322387695315e-8,"y":0.6000000238418579,"z":0.0},"rotation":{"x":0.05936306342482567,"y":0.002994697540998459,"z":-0.0001779015437932685,"w":0.9982320070266724},"size":2.721250057220459,"orthographic":true}